Category,Sub Category,ProductDescription,Barcode,TescoProductID,BaseID,Price (£),Unit Price (£),Unit Of Measure,SpecialOffer,OfferStartDate,OfferEndDate,CurrentlyAvailable,DateScraped,WebLink,Aldi Price Match,Deposit
Fresh Fruit,Bananas,Tesco Small Bananas 6 Pack,00000003251416	,285157326,77427870,1.85,0.31,each,NA,NA,NA,TRUE,03/09/2026,https://www.tesco.ie/groceries/en-IE/products/285157326,No,
Fresh Fruit,Bananas,Tesco Bananas Loose,00261480000000	,275280804,50502269,0.33,1.82,kg,NA,NA,NA,TRUE,03/09/2026,https://www.tesco.ie/groceries/en-IE/products/275280804,No,
Fresh Fruit,Berries & Cherries,Tesco Blueberry 150G,00000003341315	,304074280,74025146,2.09,13.93,kg,NA,NA,NA,TRUE,03/09/2026,https://www.tesco.ie/groceries/en-IE/products/304074280,No,
Fresh Fruit,Berries & Cherries,Tesco Strawberry 227G,00000003234648	,278001994,73967432,2.79,12.29,kg,NA,NA,NA,TRUE,03/09/2026,https://www.tesco.ie/groceries/en-IE/products/278001994,No,
Fresh Fruit,Berries & Cherries,Keelings Strawberry 227G,00000053994110	,274923634,72419058,2.99,13.17,kg,Any 3 for €8 Clubcard Price - Selected Keelings Or Bagu Fruits,02/07/2026,23/09/2026,TRUE,03/09/2026,https://www.tesco.ie/groceries/en-IE/products/274923634,No,
Fresh Fruit,Berries & Cherries,Tesco Raspberries 125G,00000010056950	,256078792,50240814,2.49,19.92,kg,NA,NA,NA,TRUE,03/09/2026,https://www.tesco.ie/groceries/en-IE/products/256078792,No,
Fresh Fruit,Bananas,Tesco Fairtrade Organic Bananas 5 Pack,00000003341148	,303869954,86775489,2.09,0.42,each,NA,NA,NA,TRUE,03/09/2026,https://www.tesco.ie/groceries/en-IE/products/303869954,No,
Fresh Fruit,Grapes,Tesco Red Seedless Grapes 500G,00000010066140	,260138854,58175124,2.89,5.78,kg,NA,NA,NA,TRUE,03/09/2026,https://www.tesco.ie/groceries/en-IE/products/260138854,No,
Fresh Fruit,Apples & Pears,Tesco Pink Lady Apple Each,00000003249130	,284182372,76921689,0.6,0.6,each,Any 5 for €2 Clubcard Price - Selected Tesco Fruits,09/04/2026,31/10/2026,TRUE,03/09/2026,https://www.tesco.ie/groceries/en-IE/products/284182372,No,
Fresh Fruit,Grapes,Tesco Seedless Grape Selection Pack 500G,00000010066126	,260138514,52607839,2.99,5.98,kg,NA,NA,NA,TRUE,03/09/2026,https://www.tesco.ie/groceries/en-IE/products/260138514,No,
Fresh Fruit,Apples & Pears,Tesco Pink Lady Apples 5 Pack,00000003249833	,284477542,77091643,3.29,0.66,each,Any 2 for €4 Clubcard Price - Selected Tesco Fruit,07/05/2026,27/09/2026,TRUE,03/09/2026,https://www.tesco.ie/groceries/en-IE/products/284477542,No,
Fresh Fruit,Berries & Cherries,Keelings Blueberry 150G,05391521910172	,314583445,91998707,2.99,19.93,kg,Any 3 for €8 Clubcard Price - Selected Keelings Or Bagu Fruits,02/07/2026,23/09/2026,TRUE,03/09/2026,https://www.tesco.ie/groceries/en-IE/products/314583445,No,
Fresh Fruit,Apples & Pears,Tesco Fun-Sized Apples 10 Pack,00000010111604	,268508082,67764560,1.99,0.2,each,NA,NA,NA,TRUE,03/09/2026,https://www.tesco.ie/groceries/en-IE/products/268508082,No,
Fresh Fruit,Berries & Cherries,Keelings Raspberry 125G,00000053994035	,265585419,64919596,2.99,23.92,kg,Any 3 for €8 Clubcard Price - Selected Keelings Or Bagu Fruits,02/07/2026,23/09/2026,TRUE,03/09/2026,https://www.tesco.ie/groceries/en-IE/products/265585419,No,
Fresh Fruit,"Oranges, Lemons & Citrus Fruit",Tesco Easy Peeler Pack 750G,00000003341131	,303759559,86711370,2.69,3.59,kg,Any 2 for €4 Clubcard Price - Selected Tesco Fruit,07/05/2026,27/09/2026,TRUE,03/09/2026,https://www.tesco.ie/groceries/en-IE/products/303759559,No,
Fresh Fruit,Berries & Cherries,Tesco Strawberry 400G,00000003269527	,292962071,81334392,4.49,11.22,kg,NA,NA,NA,TRUE,03/09/2026,https://www.tesco.ie/groceries/en-IE/products/292962071,No,
Fresh Fruit,Apples & Pears,Pink Lady Kids Apples - Cripps Pink 5 Pack,03700476661428	,303007973,86332236,2.29,0.46,each,NA,NA,NA,TRUE,03/09/2026,https://www.tesco.ie/groceries/en-IE/products/303007973,No,
Fresh Fruit,Grapes,Tesco Green Seedless Grapes Pack 500G,00000010066096	,260138290,57431537,2.89,5.78,kg,NA,NA,NA,TRUE,03/09/2026,https://www.tesco.ie/groceries/en-IE/products/260138290,No,
Fresh Fruit,"Oranges, Lemons & Citrus Fruit",Tesco Limes 4 Pack,00000003340219	,303174831,71194387,1.15,0.29,each,NA,NA,NA,TRUE,03/09/2026,https://www.tesco.ie/groceries/en-IE/products/303174831,No,
Fresh Fruit,"Mango, Kiwi & Exotic Fruit",Keelings Golden Kiwi 4pk,05391521911438	,322156865,96925159,3.29,0.82,each,Any 3 for €8 Clubcard Price - Selected Keelings Or Bagu Fruits,02/07/2026,23/09/2026,TRUE,03/09/2026,https://www.tesco.ie/groceries/en-IE/products/322156865,No,
Fresh Fruit,Berries & Cherries,Tesco Blueberries 500g,00000003435861	,321961903,96929316,5.99,11.98,kg,NA,NA,NA,TRUE,03/09/2026,https://www.tesco.ie/groceries/en-IE/products/321961903,No,
Fresh Fruit,"Mango, Kiwi & Exotic Fruit",Farm Select Puro Gusto Ready To Eat Mango,08713807003670	,315384103,92368710,1.29,1.29,each,NA,NA,NA,TRUE,03/09/2026,https://www.tesco.ie/groceries/en-IE/products/315384103,No,
Fresh Fruit,"Oranges, Lemons & Citrus Fruit",Tesco Lemons Each,00223780000000	,253556398,50501604,0.45,0.45,each,22c Half Price Clubcard Price,03/09/2026,23/09/2026,TRUE,03/09/2026,https://www.tesco.ie/groceries/en-IE/products/253556398,No,
Fresh Fruit,"Oranges, Lemons & Citrus Fruit",Tesco Sweet Easy Peeler Box 1Kg,00000003263891	,290526113,80119879,2.99,2.99,kg,NA,NA,NA,TRUE,03/09/2026,https://www.tesco.ie/groceries/en-IE/products/290526113,No,
Fresh Fruit,"Mango, Kiwi & Exotic Fruit",Tesco Ripen At Home Kiwi,00000010086391	,259417448,62983319,1.49,0.25,each,NA,NA,NA,TRUE,03/09/2026,https://www.tesco.ie/groceries/en-IE/products/259417448,No,
Fresh Fruit,Bananas,Chiquita Banana 1Kg,05425003611230	,307754489,88887601,2.85,2.85,kg,€1.99 Clubcard Price,03/09/2026,23/09/2026,TRUE,03/09/2026,https://www.tesco.ie/groceries/en-IE/products/307754489,No,
Fresh Fruit,Melons & Pineapples,Tesco Pineapple,00000010051405	,255230763,57580849,1.29,1.29,each,NA,NA,NA,TRUE,03/09/2026,https://www.tesco.ie/groceries/en-IE/products/255230763,No,
Fresh Fruit,"Peaches, Nectarines, Plums & Apricots",Dole Nectarine 500G,05391537731365	,315373807,92381404,2.79,5.58,kg,Any 2 for €4 Clubcard Price - Selected Dole Stone Fruit,03/09/2026,26/09/2026,TRUE,03/09/2026,https://www.tesco.ie/groceries/en-IE/products/315373807,No,
Fresh Fruit,Apples & Pears,Tesco Granny Smith Apples Minimum 5 Pack,00000003249703	,284475832,77091314,1.85,0.37,each,NA,NA,NA,TRUE,03/09/2026,https://www.tesco.ie/groceries/en-IE/products/284475832,No,
Fresh Fruit,Berries & Cherries,Keelings Blackberries 125G,00000053994141	,266724485,66028161,3.29,26.32,kg,Any 3 for €8 Clubcard Price - Selected Keelings Or Bagu Fruits,02/07/2026,23/09/2026,TRUE,03/09/2026,https://www.tesco.ie/groceries/en-IE/products/266724485,No,
Fresh Fruit,Grapes,Keelings Green Seedless Grapes 500g,05391521910967	,317750197,93729742,3.29,6.58,kg,Any 3 for €8 Clubcard Price - Selected Keelings Or Bagu Fruits,02/07/2026,23/09/2026,TRUE,03/09/2026,https://www.tesco.ie/groceries/en-IE/products/317750197,No,
Fresh Fruit,Melons & Pineapples,Tesco Honeydew Melon,00000010021156	,254384645,50934973,2.49,2.49,each,NA,NA,NA,TRUE,03/09/2026,https://www.tesco.ie/groceries/en-IE/products/254384645,No,
Fresh Fruit,Melons & Pineapples,Tesco Watermelon,00000010021392	,254638605,50962236,4.99,4.99,each,NA,NA,NA,TRUE,03/09/2026,https://www.tesco.ie/groceries/en-IE/products/254638605,No,
Fresh Fruit,Apples & Pears,Keeling Perfectly Ripe Conference Pear 6 Pack,05391521910080	,313389504,91379536,3.29,0.55,each,Any 3 for €8 Clubcard Price - Selected Keelings Or Bagu Fruits,02/07/2026,23/09/2026,TRUE,03/09/2026,https://www.tesco.ie/groceries/en-IE/products/313389504,No,
Fresh Fruit,Apples & Pears,Tesco Fun-Sized Pears Min 7 Pack,00000010111659	,266921263,67370933,1.39,0.2,each,NA,NA,NA,TRUE,03/09/2026,https://www.tesco.ie/groceries/en-IE/products/266921263,No,
Fresh Fruit,Apples & Pears,Tesco Conference Pear Each,00000003249185	,284183146,76921994,0.6,0.6,each,Any 5 for €2 Clubcard Price - Selected Tesco Fruits,09/04/2026,31/10/2026,TRUE,03/09/2026,https://www.tesco.ie/groceries/en-IE/products/284183146,No,
"Dried Fruit, Nuts, Nutrient Powders & Seeds",Plain Nuts & Seeds,Tesco Chia Seeds 150G,00000003263976	,290594510,80166396,1.5,10.0,kg,NA,NA,NA,TRUE,03/09/2026,https://www.tesco.ie/groceries/en-IE/products/290594510,No,
Fresh Fruit,"Oranges, Lemons & Citrus Fruit",Bagu Naturally Sweet Easy Peelers 750g,05391521910424	,317291584,93548593,2.99,3.99,kg,Any 3 for €8 Clubcard Price - Selected Keelings Or Bagu Fruits,02/07/2026,23/09/2026,TRUE,03/09/2026,https://www.tesco.ie/groceries/en-IE/products/317291584,No,
Fresh Fruit,"Fruit Pots, Platters & Packs",Simplyfruit Watermelon Fans 300G,05060054680745	,308828172,89256532,1.79,5.97,kg,NA,NA,NA,TRUE,03/09/2026,https://www.tesco.ie/groceries/en-IE/products/308828172,No,
Fresh Fruit,"Mango, Kiwi & Exotic Fruit",Tesco Perfectly Ripe Kiwi,00000010039625	,252496118,52844621,2.19,0.55,each,NA,NA,NA,TRUE,03/09/2026,https://www.tesco.ie/groceries/en-IE/products/252496118,No,
Fresh Fruit,"Peaches, Nectarines, Plums & Apricots",Dole Flat Peaches min 6,05391537731426	,315382128,92009133,2.79,0.46,each,Any 2 for €4 Clubcard Price - Selected Dole Stone Fruit,03/09/2026,26/09/2026,TRUE,03/09/2026,https://www.tesco.ie/groceries/en-IE/products/315382128,No,
Fresh Fruit,"Oranges, Lemons & Citrus Fruit",Tesco Oranges Each,00223400000000	,253554014,50501316,0.6,0.6,each,Any 5 for €2 Clubcard Price - Selected Tesco Fruits,09/04/2026,31/10/2026,TRUE,03/09/2026,https://www.tesco.ie/groceries/en-IE/products/253554014,No,
Fresh Fruit,"Oranges, Lemons & Citrus Fruit",Tesco Juicing Oranges 1.9kg,05059316064294	,305118625,87355311,2.59,1.36,kg,NA,NA,NA,TRUE,03/09/2026,https://www.tesco.ie/groceries/en-IE/products/305118625,No,
Fresh Fruit,Grapes,Keelings Seedless Grapes 500g,05391521910981	,318069098,93879870,3.29,6.58,kg,Any 3 for €8 Clubcard Price - Selected Keelings Or Bagu Fruits,02/07/2026,23/09/2026,TRUE,03/09/2026,https://www.tesco.ie/groceries/en-IE/products/318069098,No,
Fresh Fruit,Melons & Pineapples,Tesco Mini Watermelon,00000010075340	,262456128,61205253,3.25,3.25,each,NA,NA,NA,TRUE,03/09/2026,https://www.tesco.ie/groceries/en-IE/products/262456128,No,
Fresh Fruit,Apples & Pears,Tesco Pink Lady Apple Fridge Minimum 4,00000003249819	,284477450,77091608,3.29,0.82,each,NA,NA,NA,TRUE,03/09/2026,https://www.tesco.ie/groceries/en-IE/products/284477450,No,
Fresh Fruit,Apples & Pears,Tesco Gala Apple 7 Pack,00000003341728	,305138313,87366563,2.32,0.33,each,NA,NA,NA,TRUE,03/09/2026,https://www.tesco.ie/groceries/en-IE/products/305138313,No,
Fresh Fruit,"Mango, Kiwi & Exotic Fruit",Donnelly Fresh Gold Kiwi 4 Pack,05390054047256	,317545095,93548996,3.29,0.82,each,NA,NA,NA,TRUE,03/09/2026,https://www.tesco.ie/groceries/en-IE/products/317545095,No,
Fresh Fruit,Berries & Cherries,Tesco Raspberries 250G,00000003257074	,287377736,78539200,3.49,13.96,kg,NA,NA,NA,TRUE,03/09/2026,https://www.tesco.ie/groceries/en-IE/products/287377736,No,
Fresh Fruit,"Peaches, Nectarines, Plums & Apricots",Suntrail Farms Ripen At Home Plum 400G,00000003266168	,292275580,81017192,1.29,3.22,kg,NA,NA,NA,TRUE,03/09/2026,https://www.tesco.ie/groceries/en-IE/products/292275580,No,
Fresh Fruit,Apples & Pears,Keelings Best In Season Red Apples 4 Pack,05391521910004	,312362407,91311939,3.29,0.82,each,Any 3 for €8 Clubcard Price - Selected Keelings Or Bagu Fruits,02/07/2026,23/09/2026,TRUE,03/09/2026,https://www.tesco.ie/groceries/en-IE/products/312362407,No,
Fresh Fruit,"Dried Fruit, Nuts & Seeds",Tesco Cashew Nuts 200G,00000010001417	,266376222,57046918,2.5,12.5,kg,NA,NA,NA,TRUE,03/09/2026,https://www.tesco.ie/groceries/en-IE/products/266376222,No,
Fresh Fruit,"Dried Fruit, Nuts & Seeds",Tesco Walnuts 200G,05057373546791	,296546961,57912464,2.5,12.5,kg,NA,NA,NA,TRUE,03/09/2026,https://www.tesco.ie/groceries/en-IE/products/296546961,No,
Fresh Fruit,Apples & Pears,Tesco Golden Delicious Apple Minimum 5 Pack,00000003249710	,284475890,77091332,1.79,0.36,each,NA,NA,NA,TRUE,03/09/2026,https://www.tesco.ie/groceries/en-IE/products/284475890,No,
"Dried Fruit, Nuts, Nutrient Powders & Seeds",Plain Nuts & Seeds,Tesco Pumpkin Seeds 150G,00000010001691	,266387140,51109250,1.5,10.0,kg,NA,NA,NA,TRUE,03/09/2026,https://www.tesco.ie/groceries/en-IE/products/266387140,No,
Fresh Fruit,"Dried Fruit, Nuts & Seeds",Tesco Almonds 200G,00000010001219	,266357101,57046855,2.5,12.5,kg,NA,NA,NA,TRUE,03/09/2026,https://www.tesco.ie/groceries/en-IE/products/266357101,No,
Fresh Fruit,Grapes,Tesco Black Seedless Grapes 500G,00000010076149	,262640958,61385787,2.89,5.78,kg,NA,NA,NA,TRUE,03/09/2026,https://www.tesco.ie/groceries/en-IE/products/262640958,No,
Fresh Fruit,Melons & Pineapples,Tesco Cantaloupe Melon Each,00000010024423	,256582085,51338122,2.29,2.29,each,NA,NA,NA,TRUE,03/09/2026,https://www.tesco.ie/groceries/en-IE/products/256582085,No,
Fresh Fruit,"Mango, Kiwi & Exotic Fruit",Farm Select Passion Fruit 3 Pack,05391541982555	,314935427,92329779,1.29,0.43,each,NA,NA,NA,TRUE,03/09/2026,https://www.tesco.ie/groceries/en-IE/products/314935427,No,
Fresh Fruit,Apples & Pears,Tesco Ready to Eat Conference Pears 4 Pack,00000003249550	,284475129,77090961,3.19,0.8,each,NA,NA,NA,TRUE,03/09/2026,https://www.tesco.ie/groceries/en-IE/products/284475129,No,
Fresh Fruit,"Dried Fruit, Nuts & Seeds",Tesco Dried Mango 100G,00000010067819	,260733201,59421454,2.0,20.0,kg,NA,NA,NA,TRUE,03/09/2026,https://www.tesco.ie/groceries/en-IE/products/260733201,No,
Fresh Fruit,"Mango, Kiwi & Exotic Fruit",Farm Select Pomegranates,05391541982593	,315144745,92382392,1.29,1.29,each,NA,NA,NA,False,03/09/2026,https://www.tesco.ie/groceries/en-IE/products/315144745,No,
Fresh Fruit,"Oranges, Lemons & Citrus Fruit",Tesco Emperor Orange Tray 4 Pack,00000003263884	,290526096,80119862,1.99,0.5,each,NA,NA,NA,TRUE,03/09/2026,https://www.tesco.ie/groceries/en-IE/products/290526096,No,
"Dried Fruit, Nuts, Nutrient Powders & Seeds","Dried Fruit, Nut & Seed Mixes",Tesco Mixed Nuts 200G,00000010001363	,266375033,60815615,2.5,12.5,kg,NA,NA,NA,TRUE,03/09/2026,https://www.tesco.ie/groceries/en-IE/products/266375033,No,
Fresh Fruit,"Oranges, Lemons & Citrus Fruit",Dole Go Organic Lemon 500g,05391537732386	,317974502,93777570,1.99,3.98,kg,NA,NA,NA,False,03/09/2026,https://www.tesco.ie/groceries/en-IE/products/317974502,No,
Fresh Fruit,"Dried Fruit, Nuts & Seeds",Tesco Soft Pitted Dates 250G,00000003223734	,274171043,72033824,2.5,10.0,kg,NA,NA,NA,TRUE,03/09/2026,https://www.tesco.ie/groceries/en-IE/products/274171043,No,
Fresh Fruit,"Oranges, Lemons & Citrus Fruit",Tesco Limes Each,00223980000000	,253560634,50507235,0.49,0.49,each,NA,NA,NA,TRUE,03/09/2026,https://www.tesco.ie/groceries/en-IE/products/253560634,No,
Fresh Fruit,"Oranges, Lemons & Citrus Fruit",Bagu Naturally Sweet Juicy Oranges 4 Pack,05099400003228	,312105503,90722679,3.29,0.82,each,NA,NA,NA,TRUE,03/09/2026,https://www.tesco.ie/groceries/en-IE/products/312105503,No,
Fresh Fruit,Apples & Pears,Tesco Gala Apples,00000003249659	,284475550,77091188,2.25,0.45,each,NA,NA,NA,TRUE,03/09/2026,https://www.tesco.ie/groceries/en-IE/products/284475550,No,
"Dried Fruit, Nuts, Nutrient Powders & Seeds",Plain Nuts & Seeds,Tesco Wholefoods Pine Nuts 100G,05010204370552	,254142569,57047664,2.5,25.0,kg,NA,NA,NA,TRUE,03/09/2026,https://www.tesco.ie/groceries/en-IE/products/254142569,No,
"Dried Fruit, Nuts, Nutrient Powders & Seeds",Plain Nuts & Seeds,Tesco Sunflower Seeds 150G,00000010001684	,266386982,51109668,1.5,10.0,kg,NA,NA,NA,TRUE,03/09/2026,https://www.tesco.ie/groceries/en-IE/products/266386982,No,
Fresh Fruit,Apples & Pears,Tesco Ripen At Home Conference Pears 750g,00000010140949	,330743849,98570610,2.49,3.32,kg,Any 2 for €4 Clubcard Price - Selected Tesco Fruit,07/05/2026,27/09/2026,TRUE,03/09/2026,https://www.tesco.ie/groceries/en-IE/products/330743849,No,
Fresh Fruit,"Fruit Pots, Platters & Packs",Simplyfruit Melon Medley 300G,05060054680769	,308470991,89278552,2.39,7.97,kg,NA,NA,NA,TRUE,03/09/2026,https://www.tesco.ie/groceries/en-IE/products/308470991,No,
"Dried Fruit, Nuts, Nutrient Powders & Seeds","Dried Fruit, Nut & Seed Mixes",Tesco Milled Flax Pumpkin & Chia Seed Mix 175G,05057967014187	,302677278,86173867,2.8,16.0,kg,NA,NA,NA,TRUE,03/09/2026,https://www.tesco.ie/groceries/en-IE/products/302677278,No,
Fresh Fruit,Melons & Pineapples,Tesco Galia Melon Each,00000010021170	,254385356,50935010,2.49,2.49,each,NA,NA,NA,TRUE,03/09/2026,https://www.tesco.ie/groceries/en-IE/products/254385356,No,
Fresh Fruit,"Mango, Kiwi & Exotic Fruit",Simplyfruit Pomegranate Seeds 100g,05060054683432	,330746332,98582192,2.99,29.9,kg,Any 2 for €5 Clubcard Price - Selected Simplyfruit Products,11/05/2026,27/09/2026,TRUE,03/09/2026,https://www.tesco.ie/groceries/en-IE/products/330746332,No,
Fresh Fruit,"Peaches, Nectarines, Plums & Apricots",Dole Plums 400G,05391537731402	,315392404,92493116,1.89,4.72,kg,NA,NA,NA,TRUE,03/09/2026,https://www.tesco.ie/groceries/en-IE/products/315392404,No,
Fresh Fruit,"Dried Fruit, Nuts & Seeds",Tesco Brazil Nuts 200G,05057967014378	,302685533,86174002,2.5,12.5,kg,NA,NA,NA,TRUE,03/09/2026,https://www.tesco.ie/groceries/en-IE/products/302685533,No,
Fresh Fruit,"Fruit Pots, Platters & Packs",Simplyfruit Pineapple Chunks 240G,05060054687751	,330746314,98582111,2.99,12.46,kg,Any 2 for €5 Clubcard Price - Selected Simplyfruit Products,11/05/2026,27/09/2026,TRUE,03/09/2026,https://www.tesco.ie/groceries/en-IE/products/330746314,No,
"Dried Fruit, Nuts, Nutrient Powders & Seeds","Dried Fruit, Nut & Seed Mixes",Tesco Milled Flax Seed Mix 175G,05057967014163	,302677255,86173850,2.8,16.0,kg,NA,NA,NA,TRUE,03/09/2026,https://www.tesco.ie/groceries/en-IE/products/302677255,No,
Fresh Fruit,"Fruit Pots, Platters & Packs",Simplyfruit Mango Chunks 240G,05060054688291	,330746317,98582128,2.99,12.46,kg,Any 2 for €5 Clubcard Price - Selected Simplyfruit Products,11/05/2026,27/09/2026,TRUE,03/09/2026,https://www.tesco.ie/groceries/en-IE/products/330746317,No,
"Dried Fruit, Nuts, Nutrient Powders & Seeds",Plain Nuts & Seeds,Tesco Flax Seeds 150G,00000003263983	,290594532,80166407,1.5,10.0,kg,NA,NA,NA,TRUE,03/09/2026,https://www.tesco.ie/groceries/en-IE/products/290594532,No,
Fresh Fruit,"Oranges, Lemons & Citrus Fruit",Bagu Fresh And Tangy Grapefruit 3 Pack,05099400003211	,310673731,89972873,1.99,0.66,each,NA,NA,NA,TRUE,03/09/2026,https://www.tesco.ie/groceries/en-IE/products/310673731,No,
Fresh Fruit,Apples & Pears,Keelings Irish Bramley Apple 4 Pack,00000053993854	,265590551,64924710,1.99,0.5,each,NA,NA,NA,TRUE,03/09/2026,https://www.tesco.ie/groceries/en-IE/products/265590551,No,
Fresh Fruit,"Mango, Kiwi & Exotic Fruit",Tesco Large Kiwi Fruit Each,00220220000000	,253554285,50507120,0.6,0.6,each,Any 5 for €2 Clubcard Price - Selected Tesco Fruits,09/04/2026,31/10/2026,TRUE,03/09/2026,https://www.tesco.ie/groceries/en-IE/products/253554285,No,
Fresh Fruit,Apples & Pears,Dole Go Organic Apple 4 pack,05391537732362	,317974018,93671359,2.99,0.75,each,NA,NA,NA,TRUE,03/09/2026,https://www.tesco.ie/groceries/en-IE/products/317974018,No,
Fresh Fruit,"Oranges, Lemons & Citrus Fruit",Bagu Naturally Sweet Easy Peelers 2.3Kg,08437005930322	,305965065,87877592,6.49,2.82,kg,NA,NA,NA,TRUE,03/09/2026,https://www.tesco.ie/groceries/en-IE/products/305965065,No,
Fresh Fruit,Apples & Pears,Tesco Fun-Sized Apples 6 Pack,00000003327111	,309193401,89444796,1.09,0.18,each,NA,NA,NA,TRUE,03/09/2026,https://www.tesco.ie/groceries/en-IE/products/309193401,No,
Fresh Fruit,"Fruit Pots, Platters & Packs",Simplyfruit Watermelon Fans 750g,05060054684583	,317983071,93828360,4.19,5.59,kg,NA,NA,NA,TRUE,03/09/2026,https://www.tesco.ie/groceries/en-IE/products/317983071,No,
Fresh Fruit,"Dried Fruit, Nuts & Seeds",Tesco Goji Berries 100G,00000010077658	,262860352,61597997,2.0,20.0,kg,NA,NA,NA,TRUE,03/09/2026,https://www.tesco.ie/groceries/en-IE/products/262860352,No,
Finest Fresh Food,Finest Fruit & Vegetables,Tesco Finest Black Grapes Seedless 400G,00000003410295	,310164562,90005280,2.99,7.48,kg,NA,NA,NA,TRUE,03/09/2026,https://www.tesco.ie/groceries/en-IE/products/310164562,No,
Fresh Fruit,Apples & Pears,Tesco Apples 7 Pk,05063637280523	,323778714,98687667,2.49,0.36,each,Any 2 for €4 Clubcard Price - Selected Tesco Fruit,07/05/2026,27/09/2026,TRUE,03/09/2026,https://www.tesco.ie/groceries/en-IE/products/323778714,No,
Fresh Fruit,Grapes,Tesco Large Selection Grapes 800G Pack,00000003271919	,294076120,81894033,4.09,5.11,kg,NA,NA,NA,TRUE,03/09/2026,https://www.tesco.ie/groceries/en-IE/products/294076120,No,
Fresh Fruit,"Mango, Kiwi & Exotic Fruit",Tesco Perfectly Ripe Mango Twin Pack,00000010067093	,260276321,58978096,2.39,1.2,each,NA,NA,NA,TRUE,03/09/2026,https://www.tesco.ie/groceries/en-IE/products/260276321,No,
Fresh Fruit,"Oranges, Lemons & Citrus Fruit",Bagu Seedless Lemons 3 Pack,05099400003310	,312846150,91179807,1.49,0.5,each,NA,NA,NA,TRUE,03/09/2026,https://www.tesco.ie/groceries/en-IE/products/312846150,No,
Fresh Fruit,"Dried Fruit, Nuts & Seeds",Tesco Soft Apricots 250G,00000010057728	,258057537,50403847,2.5,10.0,kg,NA,NA,NA,TRUE,03/09/2026,https://www.tesco.ie/groceries/en-IE/products/258057537,No,
Fresh Fruit,"Fruit Pots, Platters & Packs",Simplyfruit Pink Lady Apple Slices 350g,05060054681261	,317182229,93423510,2.99,8.54,kg,Any 2 for €5 Clubcard Price - Selected Simplyfruit Products,11/05/2026,27/09/2026,TRUE,03/09/2026,https://www.tesco.ie/groceries/en-IE/products/317182229,No,
Fresh Fruit,Apples & Pears,Honey Crunch Apples 6 Pack,03664192000148	,306803953,88249303,3.29,0.55,each,NA,NA,NA,False,03/09/2026,https://www.tesco.ie/groceries/en-IE/products/306803953,No,
Fresh Fruit,Apples & Pears,Tesco Bramley Cooking Apples Loose,00260500000000	,253558033,50501282,0.6,2.39,kg,NA,NA,NA,TRUE,03/09/2026,https://www.tesco.ie/groceries/en-IE/products/253558033,No,
Fresh Fruit,"Oranges, Lemons & Citrus Fruit",Tesco Xl Easy Peeler,00267150000000	,307134648,88312689,0.6,0.6,each,Any 5 for €2 Clubcard Price - Selected Tesco Fruits,09/04/2026,31/10/2026,TRUE,03/09/2026,https://www.tesco.ie/groceries/en-IE/products/307134648,No,
Fresh Fruit,Apples & Pears,Keelings Irish Bramley Apple Bag 900G,00000053993847	,305367289,87476035,1.89,2.1,kg,NA,NA,NA,TRUE,03/09/2026,https://www.tesco.ie/groceries/en-IE/products/305367289,No,
Fresh Fruit,"Dried Fruit, Nuts & Seeds",Tesco Prunes 250G,00000010057704	,258056187,50402831,2.5,10.0,kg,NA,NA,NA,TRUE,03/09/2026,https://www.tesco.ie/groceries/en-IE/products/258056187,No,
Fresh Fruit,Melons & Pineapples,Keelings Gold Super Sweet Pineapple,05391521912220	,330744176,98571850,3.29,3.29,each,Any 3 for €8 Clubcard Price - Selected Keelings Or Bagu Fruits,02/07/2026,23/09/2026,TRUE,03/09/2026,https://www.tesco.ie/groceries/en-IE/products/330744176,No,
Fresh Fruit,"Fruit Pots, Platters & Packs",Simplyfruit Pineapple 500G,05060054686655	,314316930,92051670,4.59,9.18,kg,NA,NA,NA,TRUE,03/09/2026,https://www.tesco.ie/groceries/en-IE/products/314316930,No,
Fresh Fruit,Apples & Pears,Tesco Ready To Eat Seasonal Pears 4Pack 550G,00000003249567	,284475164,77090984,3.09,5.62,kg,NA,NA,NA,False,03/09/2026,https://www.tesco.ie/groceries/en-IE/products/284475164,No,
Finest Fresh Food,Finest Fruit & Vegetables,Tesco Finest Red Grapes Seedless 400G,00000003412923	,310094990,89993491,2.99,7.48,kg,NA,NA,NA,TRUE,03/09/2026,https://www.tesco.ie/groceries/en-IE/products/310094990,No,
Fresh Fruit,Apples & Pears,Tesco Kanzi Apples 4 Pack,05059316207400	,305296539,87429017,3.0,0.75,each,NA,NA,NA,TRUE,03/09/2026,https://www.tesco.ie/groceries/en-IE/products/305296539,No,
Finest Bakery,Finest Sweet Bakery,Tesco Finest Blueberries 125G,00000003452585	,311941447,90722921,2.19,17.52,kg,NA,NA,NA,TRUE,03/09/2026,https://www.tesco.ie/groceries/en-IE/products/311941447,No,
Fresh Fruit,Apples & Pears,Tesco Granny Smith Apple Each,00000003249161	,284182692,76921827,0.6,0.6,each,Any 5 for €2 Clubcard Price - Selected Tesco Fruits,09/04/2026,31/10/2026,False,03/09/2026,https://www.tesco.ie/groceries/en-IE/products/284182692,No,
"Dried Fruit, Nuts, Nutrient Powders & Seeds",Dried Fruit,Sowan's Cranberries 100G,05099809131027	,287249670,78483881,1.5,15.0,kg,NA,NA,NA,TRUE,03/09/2026,https://www.tesco.ie/groceries/en-IE/products/287249670,No,
Fresh Fruit,Rhubarb,RYAN'S RHUBARB BUNCH,05391537732058	,317195911,93161440,2.09,2.09,each,NA,NA,NA,TRUE,03/09/2026,https://www.tesco.ie/groceries/en-IE/products/317195911,No,
Fresh Fruit,"Fruit Pots, Platters & Packs",Simplyfruit Melon and Grapes 240g,05060054686211	,316946889,93548640,2.99,12.46,kg,Any 2 for €5 Clubcard Price - Selected Simplyfruit Products,11/05/2026,27/09/2026,TRUE,03/09/2026,https://www.tesco.ie/groceries/en-IE/products/316946889,No,
Fresh Fruit,"Peaches, Nectarines, Plums & Apricots",Suntrail Farms Nectarines Minimum 4,00000003266151	,292275515,81017163,2.49,0.62,each,NA,NA,NA,False,03/09/2026,https://www.tesco.ie/groceries/en-IE/products/292275515,No,
Fresh Fruit,Berries & Cherries,Tesco Cherries Punnet 200G,00000010000991	,266291241,56376327,2.99,14.95,kg,NA,NA,NA,False,03/09/2026,https://www.tesco.ie/groceries/en-IE/products/266291241,No,
Fresh Fruit,"Oranges, Lemons & Citrus Fruit",Bagu Oranges 6 pack,05391521912367	,330773204,98254696,3.79,0.63,each,€2.79 Save 25% Clubcard Price,20/08/2026,23/09/2026,TRUE,03/09/2026,https://www.tesco.ie/groceries/en-IE/products/330773204,No,
Fresh Fruit,Berries & Cherries,Keelings Occasion Punnet 220g,05391521911834	,323006345,97395870,4.99,22.68,kg,NA,NA,NA,TRUE,03/09/2026,https://www.tesco.ie/groceries/en-IE/products/323006345,No,
Fresh Fruit,Melons & Pineapples,Keelings Kol'or Giant Pineapple,05099400009657	,305916527,87745875,4.99,4.99,each,NA,NA,NA,False,03/09/2026,https://www.tesco.ie/groceries/en-IE/products/305916527,No,
Fresh Fruit,"Dried Fruit, Nuts & Seeds",Forest Feast Pistachio Crisp Milk Chocolate Dates 120g,05022374061628	,322063726,96922842,4.95,41.25,kg,€3.75 Clubcard Price,03/09/2026,29/09/2026,TRUE,03/09/2026,https://www.tesco.ie/groceries/en-IE/products/322063726,No,
Fresh Fruit,"Fruit Pots, Platters & Packs",Simplyfruit Classic Fruit Salad 240G,05060054688000	,330746319,98582134,2.99,12.46,kg,Any 2 for €5 Clubcard Price - Selected Simplyfruit Products,11/05/2026,27/09/2026,TRUE,03/09/2026,https://www.tesco.ie/groceries/en-IE/products/330746319,No,
Fresh Fruit,Melons & Pineapples,Tesco Giant Watermelon,00000003250822	,285026827,77379119,6.49,6.49,each,NA,NA,NA,False,03/09/2026,https://www.tesco.ie/groceries/en-IE/products/285026827,No,
Fresh Fruit,"Fruit Pots, Platters & Packs",Simplyfruit Apple Grape And Cheese 200G,05060054685429	,317296331,93886975,2.99,14.95,kg,Any 2 for €5 Clubcard Price - Selected Simplyfruit Products,11/05/2026,27/09/2026,TRUE,03/09/2026,https://www.tesco.ie/groceries/en-IE/products/317296331,No,
Fresh Fruit,"Mango, Kiwi & Exotic Fruit",Puro Gusto Pitahaya 1pc,05391541980261	,311267257,89616645,2.99,2.99,each,NA,NA,NA,TRUE,03/09/2026,https://www.tesco.ie/groceries/en-IE/products/311267257,No,
Fresh Fruit,"Peaches, Nectarines, Plums & Apricots",Tesco Apricots 320G,00000003236802	,279233078,52193238,2.09,6.53,kg,NA,NA,NA,TRUE,03/09/2026,https://www.tesco.ie/groceries/en-IE/products/279233078,No,
Fresh Fruit,Apples & Pears,Tesco Golden Delicious Apple Each,00000003249147	,284182458,76921729,0.6,0.6,each,Any 5 for €2 Clubcard Price - Selected Tesco Fruits,09/04/2026,31/10/2026,TRUE,03/09/2026,https://www.tesco.ie/groceries/en-IE/products/284182458,No,
Fresh Fruit,"Mango, Kiwi & Exotic Fruit",Puro Gusto Papaya,05391541980384	,311253991,89944763,2.49,2.49,each,NA,NA,NA,TRUE,03/09/2026,https://www.tesco.ie/groceries/en-IE/products/311253991,No,
Fresh Fruit,"Dried Fruit, Nuts & Seeds",Jomara Khidri Dates 400g,06291107387772	,323155449,97406352,5.99,14.98,kg,NA,NA,NA,TRUE,03/09/2026,https://www.tesco.ie/groceries/en-IE/products/323155449,No,
Fresh Fruit,Apples & Pears,Tesco Gala Apple Each,00000003249154	,284182579,76921770,0.6,0.6,each,Any 5 for €2 Clubcard Price - Selected Tesco Fruits,09/04/2026,31/10/2026,TRUE,03/09/2026,https://www.tesco.ie/groceries/en-IE/products/284182579,No,
Fresh Fruit,"Fruit Pots, Platters & Packs",Simplyfruit Fruit Trio 240g,05060054682787	,317043222,93278848,3.09,12.88,kg,Any 2 for €5 Clubcard Price - Selected Simplyfruit Products,11/05/2026,27/09/2026,TRUE,03/09/2026,https://www.tesco.ie/groceries/en-IE/products/317043222,No,
Fresh Fruit,"Dried Fruit, Nuts & Seeds",Jomara Segai Organic Dates 400g,06291107388892	,323432513,97274679,5.99,14.98,kg,NA,NA,NA,TRUE,03/09/2026,https://www.tesco.ie/groceries/en-IE/products/323432513,No,
Fresh Fruit,Apples & Pears,Simplyfruit Apple 80g,05060054680127	,330746352,98582290,0.79,9.88,kg,Any 2 for €1 Clubcard Price - Selected Simplyfruit Products,11/05/2026,27/09/2026,TRUE,03/09/2026,https://www.tesco.ie/groceries/en-IE/products/330746352,No,
Finest Fresh Food,Finest Fruit & Vegetables,Tesco Finest Raspberries 150G,00000003318379	,311217430,89979552,2.99,19.93,kg,NA,NA,NA,False,03/09/2026,https://www.tesco.ie/groceries/en-IE/products/311217430,No,
Fresh Fruit,"Fruit Pots, Platters & Packs",Simplyfruit Fruit Medley 240g ,05060054680172	,315833448,92749443,3.29,13.71,kg,Any 2 for €5 Clubcard Price - Selected Simplyfruit Products,11/05/2026,27/09/2026,False,03/09/2026,https://www.tesco.ie/groceries/en-IE/products/315833448,No,
"Dried Fruit, Nuts, Nutrient Powders & Seeds","Dried Fruit, Nut & Seed Mixes",Tesco Mixed Raisins 200g,05057967014330	,302685493,86173988,2.5,12.5,kg,NA,NA,NA,TRUE,03/09/2026,https://www.tesco.ie/groceries/en-IE/products/302685493,No,
Fresh Fruit,Apples & Pears,Dole Go Organic Pear 4 Pack,05391537731785	,317532337,93548980,2.99,0.75,each,NA,NA,NA,TRUE,03/09/2026,https://www.tesco.ie/groceries/en-IE/products/317532337,No,
"Dried Fruit, Nuts, Nutrient Powders & Seeds","Dried Fruit, Nut & Seed Mixes",Sowan's Fruit And Nut Mix 100G,05099809131409	,287248803,78472940,1.5,15.0,kg,NA,NA,NA,TRUE,03/09/2026,https://www.tesco.ie/groceries/en-IE/products/287248803,No,
Fresh Fruit,"Mango, Kiwi & Exotic Fruit",Tesco Coconut Each,00000003235737	,278721090,74310424,0.89,0.89,each,NA,NA,NA,TRUE,03/09/2026,https://www.tesco.ie/groceries/en-IE/products/278721090,No,
"Dried Fruit, Nuts, Nutrient Powders & Seeds",Organic,Sowan's Organic Walnuts 100G,05099809148711	,310098657,89977637,3.0,30.0,kg,NA,NA,NA,TRUE,03/09/2026,https://www.tesco.ie/groceries/en-IE/products/310098657,No,
Fresh Fruit,Melons & Pineapples,Keelings Piel De Sapo Melon,05099400802159	,313011733,91390781,5.99,5.99,each,NA,NA,NA,TRUE,03/09/2026,https://www.tesco.ie/groceries/en-IE/products/313011733,No,
Fresh Fruit,"Dried Fruit, Nuts & Seeds",Jomara Khidri Organic Dates 150g,06291107387734	,322822036,97396483,2.99,19.93,kg,NA,NA,NA,TRUE,03/09/2026,https://www.tesco.ie/groceries/en-IE/products/322822036,No,
Finest Fresh Food,Finest Fruit & Vegetables,Tesco Finest Green Grapes Seedless 400G,00000003422984	,310190668,89443123,2.99,7.48,kg,NA,NA,NA,TRUE,03/09/2026,https://www.tesco.ie/groceries/en-IE/products/310190668,No,
Fresh Fruit,"Dried Fruit, Nuts & Seeds",Forest Feast Honey Roast Peanuts And Cashews 55G,05022374058642	,315341765,92262966,1.5,27.27,kg,Any 2 for €2.20 Clubcard Price - Selected Forest Feast Products,19/08/2026,29/09/2026,TRUE,03/09/2026,https://www.tesco.ie/groceries/en-IE/products/315341765,No,
Fresh Fruit,"Dried Fruit, Nuts & Seeds",Forest Feast Yoghurt Raisins 65G,05022374058543	,315353146,92480575,1.5,23.08,kg,Any 2 for €2.20 Clubcard Price - Selected Forest Feast Products,19/08/2026,29/09/2026,TRUE,03/09/2026,https://www.tesco.ie/groceries/en-IE/products/315353146,No,
Fresh Fruit,"Dried Fruit, Nuts & Seeds",Jomara Segai Organic Dates 150g,06291107388885	,323417941,97016813,2.99,19.93,kg,NA,NA,NA,TRUE,03/09/2026,https://www.tesco.ie/groceries/en-IE/products/323417941,No,
"Dried Fruit, Nuts, Nutrient Powders & Seeds",Organic,Sowan's Organic Mixed Nuts 100G,05099809148728	,310177679,89956478,3.0,30.0,kg,NA,NA,NA,TRUE,03/09/2026,https://www.tesco.ie/groceries/en-IE/products/310177679,No,
Fresh Fruit,"Mango, Kiwi & Exotic Fruit",Genuine Coconut Eat And Drink,08437015393070	,304073298,86858271,2.59,2.59,each,NA,NA,NA,TRUE,03/09/2026,https://www.tesco.ie/groceries/en-IE/products/304073298,No,
"Dried Fruit, Nuts, Nutrient Powders & Seeds",Plain Nuts & Seeds,Sowan's Mixed Seeds 100G,05099809130983	,287249543,78473242,1.5,15.0,kg,NA,NA,NA,TRUE,03/09/2026,https://www.tesco.ie/groceries/en-IE/products/287249543,No,
Fresh Fruit,Apples & Pears,Tesco Finest Juliet Apples 4 Pk,05063942002001	,330752153,98618480,3.49,0.87,each,NA,NA,NA,False,03/09/2026,https://www.tesco.ie/groceries/en-IE/products/330752153,No,
Fresh Fruit,"Dried Fruit, Nuts & Seeds",Merchant Gourmet Whole Chestnuts 180G,05056215600233	,289645831,79676070,2.89,16.06,kg,Any 3 for 2 Clubcard Price - Cheapest Product Free - Selected Merchant Products,03/09/2026,29/09/2026,TRUE,03/09/2026,https://www.tesco.ie/groceries/en-IE/products/289645831,No,
Fresh Fruit,Melons & Pineapples,Simplyfruit Melon 450G ,05060054680356	,330746334,98582203,4.29,9.53,kg,NA,NA,NA,False,03/09/2026,https://www.tesco.ie/groceries/en-IE/products/330746334,No,
Fresh Fruit,"Dried Fruit, Nuts & Seeds",Forest Feast Roasted And Salted Pistachios 35G,05022374058604	,315369992,92487366,1.5,42.86,kg,Any 2 for €2.20 Clubcard Price - Selected Forest Feast Products,19/08/2026,29/09/2026,TRUE,03/09/2026,https://www.tesco.ie/groceries/en-IE/products/315369992,No,
"Dried Fruit, Nuts, Nutrient Powders & Seeds",Organic,Sowan's Organic Cashew Nuts 100G,05099809148735	,310144701,89914920,3.0,30.0,kg,NA,NA,NA,TRUE,03/09/2026,https://www.tesco.ie/groceries/en-IE/products/310144701,No,
Fresh Fruit,"Mango, Kiwi & Exotic Fruit",Dole Go Organic Orange 4 pack,05391537732423	,317993681,93887634,2.99,0.75,each,NA,NA,NA,TRUE,03/09/2026,https://www.tesco.ie/groceries/en-IE/products/317993681,No,
Fresh Fruit,"Fruit Pots, Platters & Packs",Simplyfruit Exotic Fruit Salad 450G,05060054689977	,330746337,98582210,4.29,9.53,kg,NA,NA,NA,TRUE,03/09/2026,https://www.tesco.ie/groceries/en-IE/products/330746337,No,
Fresh Fruit,Grapes,Keelings Limited Edition Grapes 400g,05391521912176	,330776993,98267151,3.49,8.72,kg,NA,NA,NA,TRUE,03/09/2026,https://www.tesco.ie/groceries/en-IE/products/330776993,No,
Fresh Fruit,Apples & Pears,Dole Fresh and Fruity Apples 4 Pack,05391537732867	,322847479,97324327,2.99,0.75,each,NA,NA,NA,False,03/09/2026,https://www.tesco.ie/groceries/en-IE/products/322847479,No,
"Dried Fruit, Nuts, Nutrient Powders & Seeds",Plain Nuts & Seeds,Sowan's Pecan Nuts 100G,05099809131324	,287248432,78472767,2.9,29.0,kg,NA,NA,NA,TRUE,03/09/2026,https://www.tesco.ie/groceries/en-IE/products/287248432,No,
"Dried Fruit, Nuts, Nutrient Powders & Seeds",Plain Nuts & Seeds,Sowan's Brazil Nuts 100G,05099809131386	,287248740,78472928,2.5,25.0,kg,NA,NA,NA,TRUE,03/09/2026,https://www.tesco.ie/groceries/en-IE/products/287248740,No,
Fresh Fruit,"Dried Fruit, Nuts & Seeds",Tesco Soft Figs 250G,00000010057742	,258058058,50404224,2.5,10.0,kg,NA,NA,NA,False,03/09/2026,https://www.tesco.ie/groceries/en-IE/products/258058058,No,
"Dried Fruit, Nuts, Nutrient Powders & Seeds",Plain Nuts & Seeds,Sowan's Whole Almonds 100G,05099809131348	,287248515,78472807,1.8,18.0,kg,NA,NA,NA,TRUE,03/09/2026,https://www.tesco.ie/groceries/en-IE/products/287248515,No,
Fresh Fruit,"Dried Fruit, Nuts & Seeds",Forest Feast Natural Almonds 50G,05022374058703	,315380885,92482550,1.5,30.0,kg,Any 2 for €2.20 Clubcard Price - Selected Forest Feast Products,19/08/2026,29/09/2026,TRUE,03/09/2026,https://www.tesco.ie/groceries/en-IE/products/315380885,No,
Fresh Fruit,"Mango, Kiwi & Exotic Fruit",Tesco Finest Mango Each,00000010039922	,250164181,54269193,2.49,2.49,each,NA,NA,NA,TRUE,03/09/2026,https://www.tesco.ie/groceries/en-IE/products/250164181,No,
"Dried Fruit, Nuts, Nutrient Powders & Seeds",Organic,Sowan's Organic Whole Almonds 100G,05099809148704	,310160192,89439054,3.0,30.0,kg,NA,NA,NA,TRUE,03/09/2026,https://www.tesco.ie/groceries/en-IE/products/310160192,No,
Fresh Fruit,"Dried Fruit, Nuts & Seeds",Jomara Assorted Filled Dates 200g,06290361204481	,323166442,97173136,8.99,44.95,kg,NA,NA,NA,TRUE,03/09/2026,https://www.tesco.ie/groceries/en-IE/products/323166442,No,
Fresh Fruit,"Mango, Kiwi & Exotic Fruit",Tesco Finest Passion Fruit 2 pack,00000003453896	,322442745,97122930,3.37,1.68,each,NA,NA,NA,TRUE,03/09/2026,https://www.tesco.ie/groceries/en-IE/products/322442745,No,
Fresh Fruit,"Dried Fruit, Nuts & Seeds",Jomara Khidri Organic Dates 350g,06291108639245	,322757787,97277941,5.99,17.11,kg,NA,NA,NA,TRUE,03/09/2026,https://www.tesco.ie/groceries/en-IE/products/322757787,No,
Fresh Fruit,"Oranges, Lemons & Citrus Fruit",Bagu Naturally Sweet Juicy Oranges 5 Pack,05099400003280	,310695359,89964635,3.49,0.7,each,NA,NA,NA,False,03/09/2026,https://www.tesco.ie/groceries/en-IE/products/310695359,No,
Fresh Fruit,Apples & Pears,Qtee Pears 4 Pack,05391515740754	,312577787,91483775,2.29,0.57,each,NA,NA,NA,TRUE,03/09/2026,https://www.tesco.ie/groceries/en-IE/products/312577787,No,
